<?xml version="1.0" encoding="UTF-8"?>

<ValueSet xmlns="http://hl7.org/fhir">
  <id value="ZimMaritalStatus"/>
  <text>
    <status value="generated"/><div xmlns="http://www.w3.org/1999/xhtml"><p class="res-header-id"><b>Generated Narrative: ValueSet ZimMaritalStatus</b></p><a name="ZimMaritalStatus"> </a><a name="hcZimMaritalStatus"> </a><ul><li>Include these codes as defined in <a href="http://terminology.hl7.org/6.5.0/CodeSystem-v3-MaritalStatus.html"><code>http://terminology.hl7.org/CodeSystem/v3-MaritalStatus</code></a><span title="Version is not explicitly stated, which means it is fixed to 3.0.0, the version found through the package references"> version &#x1F4E6;3.0.0</span><table class="none"><tr><td style="white-space:nowrap"><b>Code</b></td><td><b>Display</b></td></tr><tr><td><a href="http://terminology.hl7.org/6.5.0/CodeSystem-v3-MaritalStatus.html#v3-MaritalStatus-widowed">widowed</a></td><td>Widowed</td></tr><tr><td><a href="http://terminology.hl7.org/6.5.0/CodeSystem-v3-MaritalStatus.html#v3-MaritalStatus-divorced">divorced</a></td><td>Divorced</td></tr><tr><td><a href="http://terminology.hl7.org/6.5.0/CodeSystem-v3-MaritalStatus.html#v3-MaritalStatus-married">married</a></td><td>Married</td></tr><tr><td><a href="http://terminology.hl7.org/6.5.0/CodeSystem-v3-MaritalStatus.html#v3-MaritalStatus-unmarried">unmarried</a></td><td>Single</td></tr><tr><td><a href="http://terminology.hl7.org/6.5.0/CodeSystem-v3-MaritalStatus.html#v3-MaritalStatus-legallySeparated">legallySeparated</a></td><td>Separated</td></tr><tr><td><a href="http://terminology.hl7.org/6.5.0/CodeSystem-v3-MaritalStatus.html#v3-MaritalStatus-commonLaw">commonLaw</a></td><td>Cohabitation</td></tr></table></li></ul></div>
  </text>
  <url value="http://mohcc.gov.zw/fhir/core/ValueSet/ZimMaritalStatus"/>
  <version value="0.1.0"/>
  <name value="ZimMaritalStatusVS"/>
  <title value="MaritalStatus Value Set"/>
  <status value="draft"/>
  <date value="2025-11-13T06:55:19+00:00"/>
  <publisher value="MOH Zimbabwe"/>
  <contact>
    <name value="MOH Zimbabwe"/>
    <telecom>
      <system value="url"/>
      <value value="http://mohcc.org.zw"/>
    </telecom>
  </contact>
  <description value="Administrative Marital Status"/>
  <jurisdiction>
    <coding>
      <system value="http://unstats.un.org/unsd/methods/m49/m49.htm"/>
      <code value="716"/>
      <display value="Zimbabwe (ZWE)"/>
    </coding>
  </jurisdiction>
  <compose>
    <include>
      <system value="http://terminology.hl7.org/CodeSystem/v3-MaritalStatus"/>
      <concept>
        <code value="widowed"/>
        <display value="Widowed"/>
      </concept>
      <concept>
        <code value="divorced"/>
        <display value="Divorced"/>
      </concept>
      <concept>
        <code value="married"/>
        <display value="Married"/>
      </concept>
      <concept>
        <code value="unmarried"/>
        <display value="Single"/>
      </concept>
      <concept>
        <code value="legallySeparated"/>
        <display value="Separated"/>
      </concept>
      <concept>
        <code value="commonLaw"/>
        <display value="Cohabitation"/>
      </concept>
    </include>
  </compose>
</ValueSet>