<?xml version="1.0" encoding="UTF-8"?><ValueSet xmlns="http://hl7.org/fhir"><id value="ZimMaritalStatus"/><text><status value="extensions"/><div xmlns="http://www.w3.org/1999/xhtml"><p class="res-header-id"><b>Generated Narrative: ValueSet ZimMaritalStatus</b></p><a name="ZimMaritalStatus"> </a><a name="hcZimMaritalStatus"> </a><ul><li>Include these codes as defined in <a href="http://terminology.hl7.org/6.5.0/CodeSystem-v3-MaritalStatus.html"><code>http://terminology.hl7.org/CodeSystem/v3-MaritalStatus</code></a><span title="Version is not explicitly stated, which means it is fixed to 3.0.0, the version found through the package references"> version 📦3.0.0</span><table class="none"><tr><td style="white-space:nowrap"><b>Code</b></td><td><b>Display</b></td><td><b>Definition</b></td></tr><tr><td><a href="http://terminology.hl7.org/6.5.0/CodeSystem-v3-MaritalStatus.html#v3-MaritalStatus-W">W</a></td><td>Widowed</td><td>The spouse has died</td></tr><tr><td><a href="http://terminology.hl7.org/6.5.0/CodeSystem-v3-MaritalStatus.html#v3-MaritalStatus-D">D</a></td><td>Divorced</td><td>Marriage contract has been declared dissolved and inactive</td></tr><tr><td><a href="http://terminology.hl7.org/6.5.0/CodeSystem-v3-MaritalStatus.html#v3-MaritalStatus-M">M</a></td><td>Married</td><td>A current marriage contract is active</td></tr><tr><td><a href="http://terminology.hl7.org/6.5.0/CodeSystem-v3-MaritalStatus.html#v3-MaritalStatus-U">U</a></td><td>Single</td><td>Currently not in a marriage contract.</td></tr><tr><td><a href="http://terminology.hl7.org/6.5.0/CodeSystem-v3-MaritalStatus.html#v3-MaritalStatus-L">L</a></td><td>Separated</td><td/></tr><tr><td><a href="http://terminology.hl7.org/6.5.0/CodeSystem-v3-MaritalStatus.html#v3-MaritalStatus-C">C</a></td><td>Cohabitation</td><td>a marriage recognized in some jurisdictions and based on the parties' agreement to consider themselves married and can also be based on documentation of cohabitation.<br/><br/>This definition was based on https://www.merriam-webster.com/dictionary/common-law%20marriage.</td></tr></table></li></ul></div></text><url value="http://mohcc.gov.zw/fhir/core/ValueSet/ZimMaritalStatus"/><version value="0.1.0"/><name value="ZimMaritalStatusVS"/><title value="MaritalStatus Value Set"/><status value="draft"/><experimental value="false"/><date value="2025-11-13T08:25:58+00:00"/><publisher value="MOH Zimbabwe"/><contact><name value="MOH Zimbabwe"/><telecom><system value="url"/><value value="http://mohcc.org.zw"/></telecom></contact><description value="Administrative Marital Status"/><jurisdiction><coding><system value="http://unstats.un.org/unsd/methods/m49/m49.htm"/><code value="716"/><display value="Zimbabwe (ZWE)"/></coding></jurisdiction><compose><include><system value="http://terminology.hl7.org/CodeSystem/v3-MaritalStatus"/><concept><code value="W"/><display value="Widowed"/></concept><concept><code value="D"/><display value="Divorced"/></concept><concept><code value="M"/><display value="Married"/></concept><concept><code value="U"/><display value="Single"/></concept><concept><code value="L"/><display value="Separated"/></concept><concept><code value="C"/><display value="Cohabitation"/></concept></include></compose></ValueSet>