<?xml version="1.0" encoding="UTF-8"?>

<Bundle xmlns="http://hl7.org/fhir">
  <id value="ac579270-421e-4747-b324-5ce13e53d9d7"/>
  <meta>
    <lastUpdated value="2025-11-13T08:25:58.630+00:00"/>
  </meta>
  <type value="collection"/>
  <entry>
    <fullUrl value="http://mohcc.gov.zw/fhir/core/ValueSet/ZimGender"/>
    <resource>
      <ValueSet>
        <text>
          <status value="generated"/>
          <div xmlns="http://www.w3.org/1999/xhtml">
            <p class="res-header-id"/>
            <p style="border: black 1px dotted; background-color: #EEEEEE; padding: 8px; margin-bottom: 8px">Expansion performed internally based on 
              <a href="http://hl7.org/fhir/R4/codesystem-administrative-gender.html">codesystem AdministrativeGender v4.0.1 (CodeSystem)</a>
              <span class="copy-text-inline">
                <button data-clipboard-text="http://hl7.org/fhir/administrative-gender|4.0.1" title="Click to Copy URL" class="btn-copy"> </button>
              </span>
            </p>
            <p>This value set contains 3 concepts</p>
            <table class="codes" data-fhir="generated">
              <tr>
                <td>
                  <b>System</b>
                </td>
                <td style="white-space:nowrap">
                  <b>Code</b>
                </td>
                <td>
                  <b>Display (en)</b>
                </td>
                <td>
                  <b>JSON</b>
                </td>
                <td>
                  <b>XML</b>
                </td>
              </tr>
              <tr>
                <td>
                  <a name="x-http://hl7.org/fhir/administrative-gender-male"> </a>
                  <code>http://hl7.org/fhir/administrative-gender</code>
                </td>
                <td style="white-space:nowrap">  
                  <a href="http://hl7.org/fhir/R4/codesystem-administrative-gender.html#administrative-gender-male">male</a>
                </td>
                <td>Male</td>
                <td>
                  <span class="copy-text-inline">
                    <button data-clipboard-text="{&quot;system&quot;: &quot;http://hl7.org/fhir/administrative-gender&quot;, &quot;version&quot;: &quot;4.0.1&quot;, &quot;code&quot;: &quot;male&quot;, &quot;display&quot;: &quot;Male&quot;}" title="Click to Copy as Coding" class="btn-copy"> </button>
                  </span>
                </td>
                <td>
                  <span class="copy-text-inline">
                    <button data-clipboard-text="&lt;coding&gt;&lt;system value=&quot;http://hl7.org/fhir/administrative-gender&quot;&gt;&lt;version value=&quot;4.0.1&quot;&gt;&lt;code value=&quot;male&quot;&gt;&lt;display value=&quot;Male&quot;&gt;&lt;/coding&gt;" title="Click to Copy as Coding" class="btn-copy"> </button>
                  </span>
                </td>
              </tr>
              <tr>
                <td>
                  <a name="x-http://hl7.org/fhir/administrative-gender-female"> </a>
                  <code>http://hl7.org/fhir/administrative-gender</code>
                </td>
                <td style="white-space:nowrap">  
                  <a href="http://hl7.org/fhir/R4/codesystem-administrative-gender.html#administrative-gender-female">female</a>
                </td>
                <td>Female</td>
                <td>
                  <span class="copy-text-inline">
                    <button data-clipboard-text="{&quot;system&quot;: &quot;http://hl7.org/fhir/administrative-gender&quot;, &quot;version&quot;: &quot;4.0.1&quot;, &quot;code&quot;: &quot;female&quot;, &quot;display&quot;: &quot;Female&quot;}" title="Click to Copy as Coding" class="btn-copy"> </button>
                  </span>
                </td>
                <td>
                  <span class="copy-text-inline">
                    <button data-clipboard-text="&lt;coding&gt;&lt;system value=&quot;http://hl7.org/fhir/administrative-gender&quot;&gt;&lt;version value=&quot;4.0.1&quot;&gt;&lt;code value=&quot;female&quot;&gt;&lt;display value=&quot;Female&quot;&gt;&lt;/coding&gt;" title="Click to Copy as Coding" class="btn-copy"> </button>
                  </span>
                </td>
              </tr>
              <tr>
                <td>
                  <a name="x-http://hl7.org/fhir/administrative-gender-unknown"> </a>
                  <code>http://hl7.org/fhir/administrative-gender</code>
                </td>
                <td style="white-space:nowrap">  
                  <a href="http://hl7.org/fhir/R4/codesystem-administrative-gender.html#administrative-gender-unknown">unknown</a>
                </td>
                <td>Unknown</td>
                <td>
                  <span class="copy-text-inline">
                    <button data-clipboard-text="{&quot;system&quot;: &quot;http://hl7.org/fhir/administrative-gender&quot;, &quot;version&quot;: &quot;4.0.1&quot;, &quot;code&quot;: &quot;unknown&quot;, &quot;display&quot;: &quot;Unknown&quot;}" title="Click to Copy as Coding" class="btn-copy"> </button>
                  </span>
                </td>
                <td>
                  <span class="copy-text-inline">
                    <button data-clipboard-text="&lt;coding&gt;&lt;system value=&quot;http://hl7.org/fhir/administrative-gender&quot;&gt;&lt;version value=&quot;4.0.1&quot;&gt;&lt;code value=&quot;unknown&quot;&gt;&lt;display value=&quot;Unknown&quot;&gt;&lt;/coding&gt;" title="Click to Copy as Coding" class="btn-copy"> </button>
                  </span>
                </td>
              </tr>
            </table>
          </div>
        </text>
        <url value="http://mohcc.gov.zw/fhir/core/ValueSet/ZimGender"/>
        <version value="0.1.0"/>
        <name value="ZimGenderVS"/>
        <title value="Gender Value Set"/>
        <status value="draft"/>
        <experimental value="false"/>
        <date value="2025-11-13T08:25:58+00:00"/>
        <jurisdiction>
          <coding>
            <system value="http://unstats.un.org/unsd/methods/m49/m49.htm"/>
            <code value="716"/>
            <display value="Zimbabwe (ZWE)"/>
          </coding>
        </jurisdiction>
        <expansion>
          <identifier value="urn:uuid:f1416a6b-8b74-4680-8d6c-544c61c32d7b"/>
          <timestamp value="2025-11-13T08:26:41+00:00"/>
          <total value="3"/>
          <offset value="0"/>
          <parameter>
            <name value="displayLanguage"/>
            <valueCode value="en"/>
          </parameter>
          <parameter>
            <name value="count"/>
            <valueInteger value="1000"/>
          </parameter>
          <parameter>
            <name value="offset"/>
            <valueInteger value="0"/>
          </parameter>
          <parameter>
            <name value="excludeNested"/>
            <valueBoolean value="false"/>
          </parameter>
          <parameter>
            <name value="used-codesystem"/>
            <valueUri value="http://hl7.org/fhir/administrative-gender|4.0.1"/>
          </parameter>
          <contains>
            <system value="http://hl7.org/fhir/administrative-gender"/>
            <code value="male"/>
            <display value="Male"/>
          </contains>
          <contains>
            <system value="http://hl7.org/fhir/administrative-gender"/>
            <code value="female"/>
            <display value="Female"/>
          </contains>
          <contains>
            <system value="http://hl7.org/fhir/administrative-gender"/>
            <code value="unknown"/>
            <display value="Unknown"/>
          </contains>
        </expansion>
      </ValueSet>
    </resource>
  </entry>
  <entry>
    <fullUrl value="http://mohcc.gov.zw/fhir/core/ValueSet/ZimMaritalStatus"/>
    <resource>
      <ValueSet>
        <text>
          <status value="generated"/>
          <div xmlns="http://www.w3.org/1999/xhtml">
            <p class="res-header-id"/>
            <p style="border: black 1px dotted; background-color: #EEEEEE; padding: 8px; margin-bottom: 8px">Expansion performed internally based on 
              <a href="http://terminology.hl7.org/6.5.0/CodeSystem-v3-MaritalStatus.html">codesystem MaritalStatus v3.0.0 (CodeSystem)</a>
              <span class="copy-text-inline">
                <button data-clipboard-text="http://terminology.hl7.org/CodeSystem/v3-MaritalStatus|3.0.0" title="Click to Copy URL" class="btn-copy"> </button>
              </span>
            </p>
            <p>This value set contains 6 concepts</p>
            <table class="codes" data-fhir="generated">
              <tr>
                <td>
                  <b>System</b>
                </td>
                <td style="white-space:nowrap">
                  <b>Code</b>
                </td>
                <td>
                  <b>Display (en)</b>
                </td>
                <td>
                  <b>Definition</b>
                </td>
                <td>
                  <b>JSON</b>
                </td>
                <td>
                  <b>XML</b>
                </td>
              </tr>
              <tr>
                <td>
                  <a name="x-http://terminology.hl7.org/CodeSystem/v3-MaritalStatus-W"> </a>
                  <code>http://terminology.hl7.org/CodeSystem/v3-MaritalStatus</code>
                </td>
                <td style="white-space:nowrap">  
                  <a href="http://terminology.hl7.org/6.5.0/CodeSystem-v3-MaritalStatus.html#v3-MaritalStatus-W">W</a>
                </td>
                <td>Widowed</td>
                <td>
                  <div>
                    <p>The spouse has died</p>

                  </div>
                </td>
                <td>
                  <span class="copy-text-inline">
                    <button data-clipboard-text="{&quot;system&quot;: &quot;http://terminology.hl7.org/CodeSystem/v3-MaritalStatus&quot;, &quot;version&quot;: &quot;3.0.0&quot;, &quot;code&quot;: &quot;W&quot;, &quot;display&quot;: &quot;Widowed&quot;}" title="Click to Copy as Coding" class="btn-copy"> </button>
                  </span>
                </td>
                <td>
                  <span class="copy-text-inline">
                    <button data-clipboard-text="&lt;coding&gt;&lt;system value=&quot;http://terminology.hl7.org/CodeSystem/v3-MaritalStatus&quot;&gt;&lt;version value=&quot;3.0.0&quot;&gt;&lt;code value=&quot;W&quot;&gt;&lt;display value=&quot;Widowed&quot;&gt;&lt;/coding&gt;" title="Click to Copy as Coding" class="btn-copy"> </button>
                  </span>
                </td>
              </tr>
              <tr>
                <td>
                  <a name="x-http://terminology.hl7.org/CodeSystem/v3-MaritalStatus-D"> </a>
                  <code>http://terminology.hl7.org/CodeSystem/v3-MaritalStatus</code>
                </td>
                <td style="white-space:nowrap">  
                  <a href="http://terminology.hl7.org/6.5.0/CodeSystem-v3-MaritalStatus.html#v3-MaritalStatus-D">D</a>
                </td>
                <td>Divorced</td>
                <td>
                  <div>
                    <p>Marriage contract has been declared dissolved and inactive</p>

                  </div>
                </td>
                <td>
                  <span class="copy-text-inline">
                    <button data-clipboard-text="{&quot;system&quot;: &quot;http://terminology.hl7.org/CodeSystem/v3-MaritalStatus&quot;, &quot;version&quot;: &quot;3.0.0&quot;, &quot;code&quot;: &quot;D&quot;, &quot;display&quot;: &quot;Divorced&quot;}" title="Click to Copy as Coding" class="btn-copy"> </button>
                  </span>
                </td>
                <td>
                  <span class="copy-text-inline">
                    <button data-clipboard-text="&lt;coding&gt;&lt;system value=&quot;http://terminology.hl7.org/CodeSystem/v3-MaritalStatus&quot;&gt;&lt;version value=&quot;3.0.0&quot;&gt;&lt;code value=&quot;D&quot;&gt;&lt;display value=&quot;Divorced&quot;&gt;&lt;/coding&gt;" title="Click to Copy as Coding" class="btn-copy"> </button>
                  </span>
                </td>
              </tr>
              <tr>
                <td>
                  <a name="x-http://terminology.hl7.org/CodeSystem/v3-MaritalStatus-M"> </a>
                  <code>http://terminology.hl7.org/CodeSystem/v3-MaritalStatus</code>
                </td>
                <td style="white-space:nowrap">  
                  <a href="http://terminology.hl7.org/6.5.0/CodeSystem-v3-MaritalStatus.html#v3-MaritalStatus-M">M</a>
                </td>
                <td>Married</td>
                <td>
                  <div>
                    <p>A current marriage contract is active</p>

                  </div>
                </td>
                <td>
                  <span class="copy-text-inline">
                    <button data-clipboard-text="{&quot;system&quot;: &quot;http://terminology.hl7.org/CodeSystem/v3-MaritalStatus&quot;, &quot;version&quot;: &quot;3.0.0&quot;, &quot;code&quot;: &quot;M&quot;, &quot;display&quot;: &quot;Married&quot;}" title="Click to Copy as Coding" class="btn-copy"> </button>
                  </span>
                </td>
                <td>
                  <span class="copy-text-inline">
                    <button data-clipboard-text="&lt;coding&gt;&lt;system value=&quot;http://terminology.hl7.org/CodeSystem/v3-MaritalStatus&quot;&gt;&lt;version value=&quot;3.0.0&quot;&gt;&lt;code value=&quot;M&quot;&gt;&lt;display value=&quot;Married&quot;&gt;&lt;/coding&gt;" title="Click to Copy as Coding" class="btn-copy"> </button>
                  </span>
                </td>
              </tr>
              <tr>
                <td>
                  <a name="x-http://terminology.hl7.org/CodeSystem/v3-MaritalStatus-U"> </a>
                  <code>http://terminology.hl7.org/CodeSystem/v3-MaritalStatus</code>
                </td>
                <td style="white-space:nowrap">  
                  <a href="http://terminology.hl7.org/6.5.0/CodeSystem-v3-MaritalStatus.html#v3-MaritalStatus-U">U</a>
                </td>
                <td>Single</td>
                <td>
                  <div>
                    <p>Currently not in a marriage contract.</p>

                  </div>
                </td>
                <td>
                  <span class="copy-text-inline">
                    <button data-clipboard-text="{&quot;system&quot;: &quot;http://terminology.hl7.org/CodeSystem/v3-MaritalStatus&quot;, &quot;version&quot;: &quot;3.0.0&quot;, &quot;code&quot;: &quot;U&quot;, &quot;display&quot;: &quot;Single&quot;}" title="Click to Copy as Coding" class="btn-copy"> </button>
                  </span>
                </td>
                <td>
                  <span class="copy-text-inline">
                    <button data-clipboard-text="&lt;coding&gt;&lt;system value=&quot;http://terminology.hl7.org/CodeSystem/v3-MaritalStatus&quot;&gt;&lt;version value=&quot;3.0.0&quot;&gt;&lt;code value=&quot;U&quot;&gt;&lt;display value=&quot;Single&quot;&gt;&lt;/coding&gt;" title="Click to Copy as Coding" class="btn-copy"> </button>
                  </span>
                </td>
              </tr>
              <tr>
                <td>
                  <a name="x-http://terminology.hl7.org/CodeSystem/v3-MaritalStatus-L"> </a>
                  <code>http://terminology.hl7.org/CodeSystem/v3-MaritalStatus</code>
                </td>
                <td style="white-space:nowrap">  
                  <a href="http://terminology.hl7.org/6.5.0/CodeSystem-v3-MaritalStatus.html#v3-MaritalStatus-L">L</a>
                </td>
                <td>Separated</td>
                <td>
                  <div/>
                </td>
                <td>
                  <span class="copy-text-inline">
                    <button data-clipboard-text="{&quot;system&quot;: &quot;http://terminology.hl7.org/CodeSystem/v3-MaritalStatus&quot;, &quot;version&quot;: &quot;3.0.0&quot;, &quot;code&quot;: &quot;L&quot;, &quot;display&quot;: &quot;Separated&quot;}" title="Click to Copy as Coding" class="btn-copy"> </button>
                  </span>
                </td>
                <td>
                  <span class="copy-text-inline">
                    <button data-clipboard-text="&lt;coding&gt;&lt;system value=&quot;http://terminology.hl7.org/CodeSystem/v3-MaritalStatus&quot;&gt;&lt;version value=&quot;3.0.0&quot;&gt;&lt;code value=&quot;L&quot;&gt;&lt;display value=&quot;Separated&quot;&gt;&lt;/coding&gt;" title="Click to Copy as Coding" class="btn-copy"> </button>
                  </span>
                </td>
              </tr>
              <tr>
                <td>
                  <a name="x-http://terminology.hl7.org/CodeSystem/v3-MaritalStatus-C"> </a>
                  <code>http://terminology.hl7.org/CodeSystem/v3-MaritalStatus</code>
                </td>
                <td style="white-space:nowrap">  
                  <a href="http://terminology.hl7.org/6.5.0/CodeSystem-v3-MaritalStatus.html#v3-MaritalStatus-C">C</a>
                </td>
                <td>Cohabitation</td>
                <td>
                  <div>
                    <p>a marriage recognized in some jurisdictions and based on the parties' agreement to consider themselves married and can also be based on documentation of cohabitation.</p>

                    <p>This definition was based on https://www.merriam-webster.com/dictionary/common-law%20marriage.</p>

                  </div>
                </td>
                <td>
                  <span class="copy-text-inline">
                    <button data-clipboard-text="{&quot;system&quot;: &quot;http://terminology.hl7.org/CodeSystem/v3-MaritalStatus&quot;, &quot;version&quot;: &quot;3.0.0&quot;, &quot;code&quot;: &quot;C&quot;, &quot;display&quot;: &quot;Cohabitation&quot;}" title="Click to Copy as Coding" class="btn-copy"> </button>
                  </span>
                </td>
                <td>
                  <span class="copy-text-inline">
                    <button data-clipboard-text="&lt;coding&gt;&lt;system value=&quot;http://terminology.hl7.org/CodeSystem/v3-MaritalStatus&quot;&gt;&lt;version value=&quot;3.0.0&quot;&gt;&lt;code value=&quot;C&quot;&gt;&lt;display value=&quot;Cohabitation&quot;&gt;&lt;/coding&gt;" title="Click to Copy as Coding" class="btn-copy"> </button>
                  </span>
                </td>
              </tr>
            </table>
          </div>
        </text>
        <url value="http://mohcc.gov.zw/fhir/core/ValueSet/ZimMaritalStatus"/>
        <version value="0.1.0"/>
        <name value="ZimMaritalStatusVS"/>
        <title value="MaritalStatus Value Set"/>
        <status value="draft"/>
        <experimental value="false"/>
        <date value="2025-11-13T08:25:58+00:00"/>
        <jurisdiction>
          <coding>
            <system value="http://unstats.un.org/unsd/methods/m49/m49.htm"/>
            <code value="716"/>
            <display value="Zimbabwe (ZWE)"/>
          </coding>
        </jurisdiction>
        <expansion>
          <identifier value="urn:uuid:486ff265-bc29-40a1-a23e-19e8fd12a79d"/>
          <timestamp value="2025-11-13T08:26:41+00:00"/>
          <total value="6"/>
          <offset value="0"/>
          <parameter>
            <name value="displayLanguage"/>
            <valueCode value="en"/>
          </parameter>
          <parameter>
            <name value="count"/>
            <valueInteger value="1000"/>
          </parameter>
          <parameter>
            <name value="offset"/>
            <valueInteger value="0"/>
          </parameter>
          <parameter>
            <name value="excludeNested"/>
            <valueBoolean value="false"/>
          </parameter>
          <parameter>
            <name value="used-codesystem"/>
            <valueUri value="http://terminology.hl7.org/CodeSystem/v3-MaritalStatus|3.0.0"/>
          </parameter>
          <contains>
            <system value="http://terminology.hl7.org/CodeSystem/v3-MaritalStatus"/>
            <code value="W"/>
            <display value="Widowed"/>
          </contains>
          <contains>
            <system value="http://terminology.hl7.org/CodeSystem/v3-MaritalStatus"/>
            <code value="D"/>
            <display value="Divorced"/>
          </contains>
          <contains>
            <system value="http://terminology.hl7.org/CodeSystem/v3-MaritalStatus"/>
            <code value="M"/>
            <display value="Married"/>
          </contains>
          <contains>
            <system value="http://terminology.hl7.org/CodeSystem/v3-MaritalStatus"/>
            <code value="U"/>
            <display value="Single"/>
          </contains>
          <contains>
            <system value="http://terminology.hl7.org/CodeSystem/v3-MaritalStatus"/>
            <code value="L"/>
            <display value="Separated"/>
          </contains>
          <contains>
            <system value="http://terminology.hl7.org/CodeSystem/v3-MaritalStatus"/>
            <code value="C"/>
            <display value="Cohabitation"/>
          </contains>
        </expansion>
      </ValueSet>
    </resource>
  </entry>
</Bundle>