<?xml version="1.0" encoding="UTF-8"?>

<Bundle xmlns="http://hl7.org/fhir">
  <id value="fa025335-9a1e-4ba5-a496-31f4329fa4a5"/>
  <meta>
    <lastUpdated value="2025-11-12T14:27:53.998+00:00"/>
  </meta>
  <type value="collection"/>
  <entry>
    <fullUrl value="http://mohcc.gov.zw/fhir/core/ValueSet/ZimMaritalStatus"/>
    <resource>
      <ValueSet>
        <text>
          <status value="generated"/>
          <div xmlns="http://www.w3.org/1999/xhtml">
            <p class="res-header-id"/>
            <p style="border: black 1px dotted; background-color: #EEEEEE; padding: 8px; margin-bottom: 8px">Expansion performed internally based on 
              <a href="http://terminology.hl7.org/6.5.0/CodeSystem-v3-MaritalStatus.html">codesystem MaritalStatus v3.0.0 (CodeSystem)</a>
              <span class="copy-text-inline">
                <button data-clipboard-text="http://terminology.hl7.org/CodeSystem/v3-MaritalStatus|3.0.0" title="Click to Copy URL" class="btn-copy"> </button>
              </span>
            </p>
            <p>This value set contains 0 concepts</p>
            <table class="codes" data-fhir="generated">
              <tr>
                <td>
                  <b>System</b>
                </td>
                <td style="white-space:nowrap">
                  <b>Code</b>
                </td>
                <td>
                  <b>Display (en)</b>
                </td>
                <td>
                  <b>JSON</b>
                </td>
                <td>
                  <b>XML</b>
                </td>
              </tr>
            </table>
          </div>
        </text>
        <url value="http://mohcc.gov.zw/fhir/core/ValueSet/ZimMaritalStatus"/>
        <version value="0.1.0"/>
        <name value="ZimMaritalStatusVS"/>
        <title value="MaritalStatus Value Set"/>
        <status value="draft"/>
        <date value="2025-11-12T14:27:53+00:00"/>
        <jurisdiction>
          <coding>
            <system value="http://unstats.un.org/unsd/methods/m49/m49.htm"/>
            <code value="716"/>
            <display value="Zimbabwe"/>
          </coding>
        </jurisdiction>
        <expansion>
          <identifier value="urn:uuid:9b9040e9-cef8-434c-b180-9cd2eaf14ab8"/>
          <timestamp value="2025-11-12T14:29:04+00:00"/>
          <total value="0"/>
          <offset value="0"/>
          <parameter>
            <name value="displayLanguage"/>
            <valueCode value="en"/>
          </parameter>
          <parameter>
            <name value="count"/>
            <valueInteger value="1000"/>
          </parameter>
          <parameter>
            <name value="offset"/>
            <valueInteger value="0"/>
          </parameter>
          <parameter>
            <name value="excludeNested"/>
            <valueBoolean value="false"/>
          </parameter>
          <parameter>
            <name value="used-codesystem"/>
            <valueUri value="http://terminology.hl7.org/CodeSystem/v3-MaritalStatus|3.0.0"/>
          </parameter>
        </expansion>
      </ValueSet>
    </resource>
  </entry>
</Bundle>