{
  "resourceType" : "Bundle",
  "id" : "d651f8d2-6e79-4982-bf37-34ed684e35f2",
  "meta" : {
    "lastUpdated" : "2025-11-13T08:34:29.519+00:00"
  },
  "type" : "collection",
  "entry" : [{
    "fullUrl" : "http://mohcc.gov.zw/fhir/core/ValueSet/ZimGender",
    "resource" : {
      "resourceType" : "ValueSet",
      "text" : {
        "status" : "generated",
        "div" : "<div xmlns=\"http://www.w3.org/1999/xhtml\"><p class=\"res-header-id\"/><p style=\"border: black 1px dotted; background-color: #EEEEEE; padding: 8px; margin-bottom: 8px\">Expansion performed internally based on <a href=\"http://hl7.org/fhir/R4/codesystem-administrative-gender.html\">codesystem AdministrativeGender v4.0.1 (CodeSystem)</a><span class=\"copy-text-inline\"><button data-clipboard-text=\"http://hl7.org/fhir/administrative-gender|4.0.1\" title=\"Click to Copy URL\" class=\"btn-copy\"> </button></span></p><p>This value set contains 3 concepts</p><table class=\"codes\" data-fhir=\"generated\"><tr><td><b>System</b></td><td style=\"white-space:nowrap\"><b>Code</b></td><td><b>Display (en)</b></td><td><b>JSON</b></td><td><b>XML</b></td></tr><tr><td><a name=\"x-http://hl7.org/fhir/administrative-gender-male\"> </a><code>http://hl7.org/fhir/administrative-gender</code></td><td style=\"white-space:nowrap\">\u00a0\u00a0<a href=\"http://hl7.org/fhir/R4/codesystem-administrative-gender.html#administrative-gender-male\">male</a></td><td>Male</td><td><span class=\"copy-text-inline\"><button data-clipboard-text=\"{&quot;system&quot;: &quot;http://hl7.org/fhir/administrative-gender&quot;, &quot;version&quot;: &quot;4.0.1&quot;, &quot;code&quot;: &quot;male&quot;, &quot;display&quot;: &quot;Male&quot;}\" title=\"Click to Copy as Coding\" class=\"btn-copy\"> </button></span></td><td><span class=\"copy-text-inline\"><button data-clipboard-text=\"&lt;coding&gt;&lt;system value=&quot;http://hl7.org/fhir/administrative-gender&quot;&gt;&lt;version value=&quot;4.0.1&quot;&gt;&lt;code value=&quot;male&quot;&gt;&lt;display value=&quot;Male&quot;&gt;&lt;/coding&gt;\" title=\"Click to Copy as Coding\" class=\"btn-copy\"> </button></span></td></tr><tr><td><a name=\"x-http://hl7.org/fhir/administrative-gender-female\"> </a><code>http://hl7.org/fhir/administrative-gender</code></td><td style=\"white-space:nowrap\">\u00a0\u00a0<a href=\"http://hl7.org/fhir/R4/codesystem-administrative-gender.html#administrative-gender-female\">female</a></td><td>Female</td><td><span class=\"copy-text-inline\"><button data-clipboard-text=\"{&quot;system&quot;: &quot;http://hl7.org/fhir/administrative-gender&quot;, &quot;version&quot;: &quot;4.0.1&quot;, &quot;code&quot;: &quot;female&quot;, &quot;display&quot;: &quot;Female&quot;}\" title=\"Click to Copy as Coding\" class=\"btn-copy\"> </button></span></td><td><span class=\"copy-text-inline\"><button data-clipboard-text=\"&lt;coding&gt;&lt;system value=&quot;http://hl7.org/fhir/administrative-gender&quot;&gt;&lt;version value=&quot;4.0.1&quot;&gt;&lt;code value=&quot;female&quot;&gt;&lt;display value=&quot;Female&quot;&gt;&lt;/coding&gt;\" title=\"Click to Copy as Coding\" class=\"btn-copy\"> </button></span></td></tr><tr><td><a name=\"x-http://hl7.org/fhir/administrative-gender-unknown\"> </a><code>http://hl7.org/fhir/administrative-gender</code></td><td style=\"white-space:nowrap\">\u00a0\u00a0<a href=\"http://hl7.org/fhir/R4/codesystem-administrative-gender.html#administrative-gender-unknown\">unknown</a></td><td>Unknown</td><td><span class=\"copy-text-inline\"><button data-clipboard-text=\"{&quot;system&quot;: &quot;http://hl7.org/fhir/administrative-gender&quot;, &quot;version&quot;: &quot;4.0.1&quot;, &quot;code&quot;: &quot;unknown&quot;, &quot;display&quot;: &quot;Unknown&quot;}\" title=\"Click to Copy as Coding\" class=\"btn-copy\"> </button></span></td><td><span class=\"copy-text-inline\"><button data-clipboard-text=\"&lt;coding&gt;&lt;system value=&quot;http://hl7.org/fhir/administrative-gender&quot;&gt;&lt;version value=&quot;4.0.1&quot;&gt;&lt;code value=&quot;unknown&quot;&gt;&lt;display value=&quot;Unknown&quot;&gt;&lt;/coding&gt;\" title=\"Click to Copy as Coding\" class=\"btn-copy\"> </button></span></td></tr></table></div>"
      },
      "url" : "http://mohcc.gov.zw/fhir/core/ValueSet/ZimGender",
      "version" : "0.1.0",
      "name" : "ZimGenderVS",
      "title" : "Gender Value Set",
      "status" : "draft",
      "experimental" : false,
      "date" : "2025-11-13T08:34:29+00:00",
      "jurisdiction" : [{
        "coding" : [{
          "system" : "http://unstats.un.org/unsd/methods/m49/m49.htm",
          "code" : "716",
          "display" : "Zimbabwe (ZWE)"
        }]
      }],
      "expansion" : {
        "identifier" : "urn:uuid:12ba6915-fe2c-4124-ab08-600d52cd40f5",
        "timestamp" : "2025-11-13T08:35:15+00:00",
        "total" : 3,
        "offset" : 0,
        "parameter" : [{
          "name" : "displayLanguage",
          "valueCode" : "en"
        },
        {
          "name" : "count",
          "valueInteger" : 1000
        },
        {
          "name" : "offset",
          "valueInteger" : 0
        },
        {
          "name" : "excludeNested",
          "valueBoolean" : false
        },
        {
          "name" : "used-codesystem",
          "valueUri" : "http://hl7.org/fhir/administrative-gender|4.0.1"
        }],
        "contains" : [{
          "system" : "http://hl7.org/fhir/administrative-gender",
          "code" : "male",
          "display" : "Male"
        },
        {
          "system" : "http://hl7.org/fhir/administrative-gender",
          "code" : "female",
          "display" : "Female"
        },
        {
          "system" : "http://hl7.org/fhir/administrative-gender",
          "code" : "unknown",
          "display" : "Unknown"
        }]
      }
    }
  },
  {
    "fullUrl" : "http://mohcc.gov.zw/fhir/core/ValueSet/ZimMaritalStatus",
    "resource" : {
      "resourceType" : "ValueSet",
      "text" : {
        "status" : "generated",
        "div" : "<div xmlns=\"http://www.w3.org/1999/xhtml\"><p class=\"res-header-id\"/><p style=\"border: black 1px dotted; background-color: #EEEEEE; padding: 8px; margin-bottom: 8px\">Expansion performed internally based on <a href=\"http://terminology.hl7.org/6.5.0/CodeSystem-v3-MaritalStatus.html\">codesystem MaritalStatus v3.0.0 (CodeSystem)</a><span class=\"copy-text-inline\"><button data-clipboard-text=\"http://terminology.hl7.org/CodeSystem/v3-MaritalStatus|3.0.0\" title=\"Click to Copy URL\" class=\"btn-copy\"> </button></span></p><p>This value set contains 6 concepts</p><table class=\"codes\" data-fhir=\"generated\"><tr><td><b>System</b></td><td style=\"white-space:nowrap\"><b>Code</b></td><td><b>Display (en)</b></td><td><b>Definition</b></td><td><b>JSON</b></td><td><b>XML</b></td></tr><tr><td><a name=\"x-http://terminology.hl7.org/CodeSystem/v3-MaritalStatus-W\"> </a><code>http://terminology.hl7.org/CodeSystem/v3-MaritalStatus</code></td><td style=\"white-space:nowrap\">\u00a0\u00a0<a href=\"http://terminology.hl7.org/6.5.0/CodeSystem-v3-MaritalStatus.html#v3-MaritalStatus-W\">W</a></td><td>Widowed</td><td><div><p>The spouse has died</p>\n</div></td><td><span class=\"copy-text-inline\"><button data-clipboard-text=\"{&quot;system&quot;: &quot;http://terminology.hl7.org/CodeSystem/v3-MaritalStatus&quot;, &quot;version&quot;: &quot;3.0.0&quot;, &quot;code&quot;: &quot;W&quot;, &quot;display&quot;: &quot;Widowed&quot;}\" title=\"Click to Copy as Coding\" class=\"btn-copy\"> </button></span></td><td><span class=\"copy-text-inline\"><button data-clipboard-text=\"&lt;coding&gt;&lt;system value=&quot;http://terminology.hl7.org/CodeSystem/v3-MaritalStatus&quot;&gt;&lt;version value=&quot;3.0.0&quot;&gt;&lt;code value=&quot;W&quot;&gt;&lt;display value=&quot;Widowed&quot;&gt;&lt;/coding&gt;\" title=\"Click to Copy as Coding\" class=\"btn-copy\"> </button></span></td></tr><tr><td><a name=\"x-http://terminology.hl7.org/CodeSystem/v3-MaritalStatus-D\"> </a><code>http://terminology.hl7.org/CodeSystem/v3-MaritalStatus</code></td><td style=\"white-space:nowrap\">\u00a0\u00a0<a href=\"http://terminology.hl7.org/6.5.0/CodeSystem-v3-MaritalStatus.html#v3-MaritalStatus-D\">D</a></td><td>Divorced</td><td><div><p>Marriage contract has been declared dissolved and inactive</p>\n</div></td><td><span class=\"copy-text-inline\"><button data-clipboard-text=\"{&quot;system&quot;: &quot;http://terminology.hl7.org/CodeSystem/v3-MaritalStatus&quot;, &quot;version&quot;: &quot;3.0.0&quot;, &quot;code&quot;: &quot;D&quot;, &quot;display&quot;: &quot;Divorced&quot;}\" title=\"Click to Copy as Coding\" class=\"btn-copy\"> </button></span></td><td><span class=\"copy-text-inline\"><button data-clipboard-text=\"&lt;coding&gt;&lt;system value=&quot;http://terminology.hl7.org/CodeSystem/v3-MaritalStatus&quot;&gt;&lt;version value=&quot;3.0.0&quot;&gt;&lt;code value=&quot;D&quot;&gt;&lt;display value=&quot;Divorced&quot;&gt;&lt;/coding&gt;\" title=\"Click to Copy as Coding\" class=\"btn-copy\"> </button></span></td></tr><tr><td><a name=\"x-http://terminology.hl7.org/CodeSystem/v3-MaritalStatus-M\"> </a><code>http://terminology.hl7.org/CodeSystem/v3-MaritalStatus</code></td><td style=\"white-space:nowrap\">\u00a0\u00a0<a href=\"http://terminology.hl7.org/6.5.0/CodeSystem-v3-MaritalStatus.html#v3-MaritalStatus-M\">M</a></td><td>Married</td><td><div><p>A current marriage contract is active</p>\n</div></td><td><span class=\"copy-text-inline\"><button data-clipboard-text=\"{&quot;system&quot;: &quot;http://terminology.hl7.org/CodeSystem/v3-MaritalStatus&quot;, &quot;version&quot;: &quot;3.0.0&quot;, &quot;code&quot;: &quot;M&quot;, &quot;display&quot;: &quot;Married&quot;}\" title=\"Click to Copy as Coding\" class=\"btn-copy\"> </button></span></td><td><span class=\"copy-text-inline\"><button data-clipboard-text=\"&lt;coding&gt;&lt;system value=&quot;http://terminology.hl7.org/CodeSystem/v3-MaritalStatus&quot;&gt;&lt;version value=&quot;3.0.0&quot;&gt;&lt;code value=&quot;M&quot;&gt;&lt;display value=&quot;Married&quot;&gt;&lt;/coding&gt;\" title=\"Click to Copy as Coding\" class=\"btn-copy\"> </button></span></td></tr><tr><td><a name=\"x-http://terminology.hl7.org/CodeSystem/v3-MaritalStatus-U\"> </a><code>http://terminology.hl7.org/CodeSystem/v3-MaritalStatus</code></td><td style=\"white-space:nowrap\">\u00a0\u00a0<a href=\"http://terminology.hl7.org/6.5.0/CodeSystem-v3-MaritalStatus.html#v3-MaritalStatus-U\">U</a></td><td>Single</td><td><div><p>Currently not in a marriage contract.</p>\n</div></td><td><span class=\"copy-text-inline\"><button data-clipboard-text=\"{&quot;system&quot;: &quot;http://terminology.hl7.org/CodeSystem/v3-MaritalStatus&quot;, &quot;version&quot;: &quot;3.0.0&quot;, &quot;code&quot;: &quot;U&quot;, &quot;display&quot;: &quot;Single&quot;}\" title=\"Click to Copy as Coding\" class=\"btn-copy\"> </button></span></td><td><span class=\"copy-text-inline\"><button data-clipboard-text=\"&lt;coding&gt;&lt;system value=&quot;http://terminology.hl7.org/CodeSystem/v3-MaritalStatus&quot;&gt;&lt;version value=&quot;3.0.0&quot;&gt;&lt;code value=&quot;U&quot;&gt;&lt;display value=&quot;Single&quot;&gt;&lt;/coding&gt;\" title=\"Click to Copy as Coding\" class=\"btn-copy\"> </button></span></td></tr><tr><td><a name=\"x-http://terminology.hl7.org/CodeSystem/v3-MaritalStatus-L\"> </a><code>http://terminology.hl7.org/CodeSystem/v3-MaritalStatus</code></td><td style=\"white-space:nowrap\">\u00a0\u00a0<a href=\"http://terminology.hl7.org/6.5.0/CodeSystem-v3-MaritalStatus.html#v3-MaritalStatus-L\">L</a></td><td>Separated</td><td><div/></td><td><span class=\"copy-text-inline\"><button data-clipboard-text=\"{&quot;system&quot;: &quot;http://terminology.hl7.org/CodeSystem/v3-MaritalStatus&quot;, &quot;version&quot;: &quot;3.0.0&quot;, &quot;code&quot;: &quot;L&quot;, &quot;display&quot;: &quot;Separated&quot;}\" title=\"Click to Copy as Coding\" class=\"btn-copy\"> </button></span></td><td><span class=\"copy-text-inline\"><button data-clipboard-text=\"&lt;coding&gt;&lt;system value=&quot;http://terminology.hl7.org/CodeSystem/v3-MaritalStatus&quot;&gt;&lt;version value=&quot;3.0.0&quot;&gt;&lt;code value=&quot;L&quot;&gt;&lt;display value=&quot;Separated&quot;&gt;&lt;/coding&gt;\" title=\"Click to Copy as Coding\" class=\"btn-copy\"> </button></span></td></tr><tr><td><a name=\"x-http://terminology.hl7.org/CodeSystem/v3-MaritalStatus-C\"> </a><code>http://terminology.hl7.org/CodeSystem/v3-MaritalStatus</code></td><td style=\"white-space:nowrap\">\u00a0\u00a0<a href=\"http://terminology.hl7.org/6.5.0/CodeSystem-v3-MaritalStatus.html#v3-MaritalStatus-C\">C</a></td><td>Cohabitation</td><td><div><p>a marriage recognized in some jurisdictions and based on the parties' agreement to consider themselves married and can also be based on documentation of cohabitation.</p>\n<p>This definition was based on https://www.merriam-webster.com/dictionary/common-law%20marriage.</p>\n</div></td><td><span class=\"copy-text-inline\"><button data-clipboard-text=\"{&quot;system&quot;: &quot;http://terminology.hl7.org/CodeSystem/v3-MaritalStatus&quot;, &quot;version&quot;: &quot;3.0.0&quot;, &quot;code&quot;: &quot;C&quot;, &quot;display&quot;: &quot;Cohabitation&quot;}\" title=\"Click to Copy as Coding\" class=\"btn-copy\"> </button></span></td><td><span class=\"copy-text-inline\"><button data-clipboard-text=\"&lt;coding&gt;&lt;system value=&quot;http://terminology.hl7.org/CodeSystem/v3-MaritalStatus&quot;&gt;&lt;version value=&quot;3.0.0&quot;&gt;&lt;code value=&quot;C&quot;&gt;&lt;display value=&quot;Cohabitation&quot;&gt;&lt;/coding&gt;\" title=\"Click to Copy as Coding\" class=\"btn-copy\"> </button></span></td></tr></table></div>"
      },
      "url" : "http://mohcc.gov.zw/fhir/core/ValueSet/ZimMaritalStatus",
      "version" : "0.1.0",
      "name" : "ZimMaritalStatusVS",
      "title" : "MaritalStatus Value Set",
      "status" : "draft",
      "experimental" : false,
      "date" : "2025-11-13T08:34:29+00:00",
      "jurisdiction" : [{
        "coding" : [{
          "system" : "http://unstats.un.org/unsd/methods/m49/m49.htm",
          "code" : "716",
          "display" : "Zimbabwe (ZWE)"
        }]
      }],
      "expansion" : {
        "identifier" : "urn:uuid:46a73e40-1009-4fe5-9b1f-d6d97449e52f",
        "timestamp" : "2025-11-13T08:35:15+00:00",
        "total" : 6,
        "offset" : 0,
        "parameter" : [{
          "name" : "displayLanguage",
          "valueCode" : "en"
        },
        {
          "name" : "count",
          "valueInteger" : 1000
        },
        {
          "name" : "offset",
          "valueInteger" : 0
        },
        {
          "name" : "excludeNested",
          "valueBoolean" : false
        },
        {
          "name" : "used-codesystem",
          "valueUri" : "http://terminology.hl7.org/CodeSystem/v3-MaritalStatus|3.0.0"
        }],
        "contains" : [{
          "system" : "http://terminology.hl7.org/CodeSystem/v3-MaritalStatus",
          "code" : "W",
          "display" : "Widowed"
        },
        {
          "system" : "http://terminology.hl7.org/CodeSystem/v3-MaritalStatus",
          "code" : "D",
          "display" : "Divorced"
        },
        {
          "system" : "http://terminology.hl7.org/CodeSystem/v3-MaritalStatus",
          "code" : "M",
          "display" : "Married"
        },
        {
          "system" : "http://terminology.hl7.org/CodeSystem/v3-MaritalStatus",
          "code" : "U",
          "display" : "Single"
        },
        {
          "system" : "http://terminology.hl7.org/CodeSystem/v3-MaritalStatus",
          "code" : "L",
          "display" : "Separated"
        },
        {
          "system" : "http://terminology.hl7.org/CodeSystem/v3-MaritalStatus",
          "code" : "C",
          "display" : "Cohabitation"
        }]
      }
    }
  }]
}