{"resourceType":"ValueSet","id":"ZimGender","text":{"status":"extensions","div":"<div xmlns=\"http://www.w3.org/1999/xhtml\"><p class=\"res-header-id\"><b>Generated Narrative: ValueSet ZimGender</b></p><a name=\"ZimGender\"> </a><a name=\"hcZimGender\"> </a><ul><li>Include these codes as defined in <a href=\"http://hl7.org/fhir/R4/codesystem-administrative-gender.html\"><code>http://hl7.org/fhir/administrative-gender</code></a><span title=\"Version is not explicitly stated, which means it is fixed to 4.0.1, the version found through the package references\"> version &#x1F4E6;4.0.1</span><table class=\"none\"><tr><td style=\"white-space:nowrap\"><b>Code</b></td><td><b>Display</b></td><td><b>Definition</b></td></tr><tr><td><a href=\"http://hl7.org/fhir/R4/codesystem-administrative-gender.html#administrative-gender-male\">male</a></td><td>Male</td><td>Male.</td></tr><tr><td><a href=\"http://hl7.org/fhir/R4/codesystem-administrative-gender.html#administrative-gender-female\">female</a></td><td>Female</td><td>Female.</td></tr><tr><td><a href=\"http://hl7.org/fhir/R4/codesystem-administrative-gender.html#administrative-gender-unknown\">unknown</a></td><td>Unknown</td><td>Unknown.</td></tr></table></li></ul></div>"},"url":"http://mohcc.gov.zw/fhir/core/ValueSet/ZimGender","version":"0.1.0","name":"ZimGenderVS","title":"Gender Value Set","status":"draft","experimental":false,"date":"2025-11-13T08:34:29+00:00","publisher":"MOH Zimbabwe","contact":[{"name":"MOH Zimbabwe","telecom":[{"system":"url","value":"http://mohcc.org.zw"}]}],"description":"Administrative Gender","jurisdiction":[{"coding":[{"system":"http://unstats.un.org/unsd/methods/m49/m49.htm","code":"716","display":"Zimbabwe (ZWE)"}]}],"compose":{"include":[{"system":"http://hl7.org/fhir/administrative-gender","concept":[{"code":"male","display":"Male"},{"code":"female","display":"Female"},{"code":"unknown","display":"Unknown"}]}]}}